Passenger Email,Travel Insurance?,Purchase Date,Travel Date,Fare Type,Ticket Price,Route,Row_ID,Person
rbeeghly@axiom.com,FALSE,12/09/2016,01/04/2017,Economy,86,DAL-ATL,637,Rob Beeghly
jbarnett@axiom.com,FALSE,11/29/2016,01/04/2017,First Class,237,DAL-ATL,402,Julia Barnett
dreichenbach@axiom.com,TRUE,10/21/2016,01/02/2017,Economy,62,DAL-LGA,191,Dan Reichenbach
dreichenbach@axiom.com,TRUE,11/25/2016,01/02/2017,Economy,81,DAL-MDW,191,Dan Reichenbach
rbeeghly@axiom.com,FALSE,12/30/2016,01/04/2017,Business,169,DAL-LGA,637,Rob Beeghly
nschneider@axiom.com,FALSE,11/10/2016,01/04/2017,Business,93,DAL-ELP,566,Neola Schneider
swooten@axiom.com,FALSE,10/23/2016,01/01/2017,Economy,78,DAL-HOU,682,Scot Wooten
aratner@axiom.com,FALSE,12/16/2016,01/02/2017,Economy,84,DAL-AUS,38,Anemone Ratner
aratner@axiom.com,TRUE,12/10/2016,01/02/2017,Economy,78,DAL-PHX,38,Anemone Ratner
sshariari@axiom.com,FALSE,11/16/2016,01/03/2017,Economy,116,DAL-PHX,693,Shahid Shariari
swooten@axiom.com,FALSE,12/09/2016,01/01/2017,Economy,90,DAL-PHX,682,Scot Wooten
aratner@axiom.com,FALSE,12/28/2016,01/02/2017,Business,102,DAL-SEA,38,Anemone Ratner
sshariari@axiom.com,TRUE,12/05/2016,01/03/2017,Economy,116,DAL-MDW,693,Shahid Shariari
aratner@axiom.com,FALSE,9/29/2016,01/02/2017,First Class,222,DAL-HOU,38,Anemone Ratner
swooten@axiom.com,FALSE,12/01/2016,01/01/2017,Economy,72,DAL-AMA,682,Scot Wooten
aratner@axiom.com,FALSE,11/16/2016,01/02/2017,Economy,104,DAL-OKC,38,Anemone Ratner
swooten@axiom.com,FALSE,10/22/2016,01/01/2017,Business,115,DAL-LGA,682,Scot Wooten
aratner@axiom.com,FALSE,10/13/2016,01/02/2017,Economy,141,DAL-TUL,38,Anemone Ratner
swooten@axiom.com,FALSE,11/20/2016,01/01/2017,Economy,149,DAL-PHX,682,Scot Wooten
aratner@axiom.com,FALSE,12/14/2016,01/02/2017,Economy,95,DAL-OKC,38,Anemone Ratner
ccortes@axiom.com,FALSE,12/14/2016,01/05/2017,Economy,106,DAL-AMA,147,Chris Cortes
kducich@axiom.com,FALSE,09/09/2017,11/30/2017,Business,157,DAL-HOU,422,Katherine Ducich
hglantz@axiom.com,FALSE,6/26/2017,09/08/2017,First Class,275,DAL-AMA,334,Hunter Glantz
scohen@axiom.com,FALSE,5/22/2017,06/02/2017,Economy,97,DAL-AUS,683,Scott Cohen
msatty@axiom.com,FALSE,09/08/2017,10/14/2017,Economy,142,DAL-AUS,513,Maurice Satty
dpoirier@axiom.com,FALSE,10/13/2017,12/07/2017,Economy,93,DAL-OKC,206,Dave Poirier
jcaffey@axiom.com,FALSE,11/18/2017,12/22/2017,Economy,104,DAL-HOU,358,Jenna Caffey
jmartin@axiom.com,FALSE,11/08/2017,12/09/2017,Economy,121,DAL-ELP,349,Janet Martin
rd'ascenzo@axiom.com,FALSE,11/04/2017,12/03/2017,Economy,129,DAL-ATL,661,Russell D'Ascenzo
jeaton@axiom.com,FALSE,3/17/2017,5/17/2017,Business,149,DAL-SEA,382,Joel Eaton
mseite@axiom.com,FALSE,9/25/2017,12/12/2017,Economy,73,DAL-OKC,521,Melanie Seite
nfritzler@axiom.com,FALSE,08/12/2017,8/23/2017,Economy,79,DAL-AUS,558,Natalie Fritzler
rhaberlin@axiom.com,FALSE,4/15/2017,6/30/2017,Economy,149,DAL-LAS,639,Rob Haberlin
bdonatelli@axiom.com,FALSE,10/10/2017,11/25/2017,Economy,99,DAL-ELP,88,Bill Donatelli
,FALSE,3/24/2017,4/28/2017,Economy,122,DAL-HOU,389,John Lucas
rmarley@axiom.com,TRUE,05/07/2017,06/07/2017,Economy,148,DAL-OKC,644,Robert Marley
jepp@axiom.com,FALSE,3/30/2017,06/03/2017,Economy,101,DAL-MDW,373,Jim Epp
mdominguez@axiom.com,FALSE,8/30/2017,11/09/2017,First Class,224,DAL-HOU,523,Michael Dominguez
kseio@axiom.com,FALSE,5/30/2017,07/10/2017,Business,84,DAL-PHX,419,Karen Seio
sbrown@axiom.com,TRUE,10/16/2017,11/26/2017,First Class,287,DAL-ATL,678,Sarah Brown
mlee@axiom.com,FALSE,11/12/2017,12/13/2017,Economy,114,DAL-PHX,550,Muhammed Lee
ngelder@axiom.com,FALSE,1/30/2017,03/07/2017,Economy,94,DAL-ATL,561,Nathan Gelder
mhuthwaite@axiom.com,FALSE,1/17/2017,04/04/2017,First Class,234,DAL-ELP,534,Michelle Huthwaite
nradford@axiom.com,FALSE,8/20/2017,09/01/2017,Economy,85,DAL-CLE,569,Nick Radford
rhightower@axiom.com,FALSE,09/11/2017,9/30/2017,Economy,118,DAL-HOU,636,Ritsa Hightower
kbrennan@axiom.com,FALSE,11/17/2017,12/08/2017,Economy,136,DAL-HOU,439,Ken Brennan
fharton@axiom.com,FALSE,10/27/2017,12/11/2017,Economy,149,DAL-MDW,289,Fred Harton
mlee@axiom.com,FALSE,6/28/2017,08/12/2017,Economy,112,DAL-OKC,550,Muhammed Lee
dpardue@axiom.com,FALSE,2/26/2017,3/27/2017,Economy,134,DAL-ELP,225,Dennis Pardue
jmyrick@axiom.com,TRUE,7/13/2017,8/16/2017,Business,108,DAL-SEA,368,Jessica Myrick
jfortune-@axiom.com,FALSE,11/19/2017,12/24/2017,Economy,76,DAL-LGA,352,Jason Fortune-
hkirkland@axiom.com,TRUE,10/23/2017,11/26/2017,Economy,129,DAL-HOU,325,Heather Kirkland
jpatt@axiom.com,FALSE,11/06/2017,12/20/2017,Economy,65,DAL-GRR,363,Jennifer Patt
tseio@axiom.com,FALSE,10/20/2017,12/11/2017,Economy,92,DAL-PHX,746,Thomas Seio
lmackendrick@axiom.com,TRUE,11/01/2017,12/15/2017,Economy,102,DAL-SEA,470,Liz MacKendrick
fhawley@axiom.com,FALSE,10/22/2017,11/09/2017,Economy,139,DAL-LAS,284,Frank Hawley
kheidel@axiom.com,FALSE,12/26/2016,03/05/2017,Economy,127,DAL-MDW,441,Ken Heidel
marnett@axiom.com,FALSE,8/25/2017,10/09/2017,First Class,303,DAL-MDW,532,Michelle Arnett
sbrown@axiom.com,TRUE,05/04/2017,6/23/2017,Economy,83,DAL-HOU,678,Sarah Brown
mschwartz@axiom.com,TRUE,11/29/2017,12/29/2017,Economy,111,DAL-AUS,517,Maxwell Schwartz
jmyrick@axiom.com,FALSE,08/12/2017,10/09/2017,Business,179,DAL-AUS,368,Jessica Myrick
csievert@axiom.com,FALSE,3/15/2017,04/02/2017,Economy,73,DAL-AUS,141,Chad Sievert
jrupert@axiom.com,FALSE,12/06/2016,2/18/2017,Economy,118,DAL-AUS,379,Jocasta Rupert
mstewart@axiom.com,FALSE,10/23/2017,11/10/2017,Economy,84,DAL-LGA,531,Michael Stewart
tbutterfield@axiom.com,FALSE,03/12/2017,4/25/2017,Economy,120,DAL-AUS,736,Ted Butterfield
bthompson@axiom.com,FALSE,09/05/2017,9/19/2017,Economy,130,DAL-AUS,87,Beth Thompson
rdemir@axiom.com,TRUE,8/20/2017,09/02/2017,Economy,115,DAL-LGA,647,Roger Demir
dbremer@axiom.com,FALSE,9/20/2017,12/15/2017,First Class,269,DAL-ELP,207,David Bremer
tboland@axiom.com,TRUE,1/24/2017,04/10/2017,Economy,147,DAL-HOU,744,Thomas Boland
schance,FALSE,11/04/2016,1/29/2017,First Class,290,DAL-LAS,695,Shaun Chance
kmiller@axiom.com,FALSE,12/10/2016,2/25/2017,Economy,133,DAL-LGA,447,Kunst Miller
hryan@axiom.com,FALSE,10/25/2017,12/28/2017,Economy,121,DAL-LAS,321,Harold Ryan
bmurry@axiom.com,FALSE,11/24/2017,12/06/2017,First Class,308,DAL-ATL,105,Brendan Murry
fcarlisle@axiom.com,FALSE,02/07/2017,4/21/2017,Economy,95,DAL-LGA,282,Frank Carlisle
mgnade@axiom.com,TRUE,3/20/2017,04/07/2017,Economy,94,DAL-LGA,512,Maureen Gnade
mhaberlin@axiom.com,FALSE,05/06/2017,7/27/2017,Economy,143,DAL-ELP,495,Mark Haberlin
mjones@axiom.com,TRUE,10/22/2017,11/18/2017,Economy,163,DAL-SLC,515,Max Jones
fmerwin@axiom.com,FALSE,3/19/2017,6/17/2017,Economy,155,DAL-OKC,285,Frank Merwin
tboyes@axiom.com,FALSE,5/15/2017,07/10/2017,Economy,138,DAL-HOU,756,Todd Boyes
rwaldorf@axiom.com,FALSE,10/08/2017,11/14/2017,Economy,137,DAL-AUS,645,Robert Waldorf
dkatz@axiom.com,TRUE,09/09/2017,9/27/2017,Economy,70,DAL-ELP,214,Dean Katz
iliston@axiom.com,FALSE,10/30/2017,11/29/2017,Economy,149,DAL-LGA,339,Ivan Liston
jlebron@axiom.com,FALSE,5/19/2017,06/12/2017,Economy,144,DAL-LAS,341,Jack Lebron
jepp@axiom.com,FALSE,3/20/2017,4/28/2017,Economy,117,DAL-GRR,373,Jim Epp
mhernandez@axiom.com,FALSE,11/11/2017,12/18/2017,Economy,69,DAL-PHX,540,Mick Hernandez
,FALSE,11/26/2017,12/31/2017,Business,86,DAL-AMA,679,Sarah Foster
hwasserman@axiom.com,FALSE,12/08/2017,12/27/2017,Business,119,DAL-OKC,328,Helen Wasserman
snguyen@axiom.com,FALSE,8/29/2017,10/02/2017,First Class,241,DAL-AUS,713,Steve Nguyen
lolson@axiom.com,FALSE,11/08/2017,12/31/2017,Economy,123,DAL-AMA,477,Lori Olson
carntzen@axiom.com,FALSE,03/12/2017,3/26/2017,Economy,100,DAL-MDW,184,Cynthia Arntzen
msatty@axiom.com,FALSE,10/27/2017,12/08/2017,Economy,143,DAL-HOU,513,Maurice Satty
spak@axiom.com,TRUE,7/15/2017,9/22/2017,Economy,140,DAL-AUS,723,Sung Pak
ahäberlin@axiom.com,TRUE,8/15/2017,09/05/2017,Economy,102,DAL-AUS,46,Anna Häberlin
lhernandez@axiom.com,TRUE,10/14/2017,12/16/2017,Business,159,DAL-LAS,459,Lena Hernandez
cjumper@axiom.com,FALSE,11/09/2017,12/03/2017,Business,84,DAL-LAS,133,Caroline Jumper
snguyen@axiom.com,TRUE,9/19/2017,10/20/2017,Economy,96,DAL-AUS,713,Steve Nguyen
x,FALSE,9/23/2017,10/13/2017,Economy,112,DAL-MDW,204,Dave Hallsten
rausman@axiom.com,FALSE,1/16/2017,4/15/2017,Business,99,DAL-LGA,658,Ruben Ausman
rkennedy@axiom.com,FALSE,05/09/2017,7/31/2017,Economy,125,DAL-SLC,619,Ralph Kennedy
gbell@axiom.com,FALSE,4/25/2017,05/03/2017,Economy,147,DAL-TUL,301,George Bell
mgockenbach@axiom.com,TRUE,2/15/2017,04/08/2017,Economy,117,DAL-OKC,542,Mike Gockenbach
ccheatham@axiom.com,FALSE,8/19/2017,09/08/2017,Economy,69,DAL-AUS,169,Clay Cheatham
dmonton@axiom.com,FALSE,07/12/2017,8/25/2017,Economy,141,DAL-HOU,222,Denise Monton
ashonely@axiom.com,FALSE,06/08/2017,07/08/2017,Economy,102,DAL-ATL,16,Alan Shonely
sgordon@axiom.com,TRUE,8/29/2017,9/24/2017,Economy,139,DAL-PHX,697,Sheri Gordon
rhightower@axiom.com,FALSE,09/10/2017,9/30/2017,First Class,231,DAL-PHX,636,Ritsa Hightower
lhaushalter@axiom.com,FALSE,09/04/2017,11/10/2017,First Class,309,DAL-ELP,476,Logan Haushalter
tbrockman@axiom.com,FALSE,09/03/2017,11/27/2017,Economy,158,DAL-AUS,749,Tim Brockman
aferguson@axiom.com,FALSE,8/20/2017,11/30/2017,Economy,159,DAL-LGA,58,Art Ferguson
mlee@axiom.com,FALSE,7/31/2017,08/12/2017,Economy,81,DAL-SLC,550,Muhammed Lee
mlee@axiom.com,FALSE,7/26/2017,08/12/2017,Economy,102,DAL-LGA,550,Muhammed Lee
tritter@axiom.com,TRUE,07/02/2017,11/03/2017,Economy,69,DAL-LGA,754,Toby Ritter
sparks@axiom.com,FALSE,10/02/2017,12/12/2017,Economy,102,DAL-SEA,702,Sibella Parks
mbrown@axiom.com,TRUE,5/22/2017,7/15/2017,Economy,76,DAL-HOU,538,Mick Brown
handreada@axiom.com,FALSE,8/17/2017,09/05/2017,Economy,68,DAL-GRR,327,Helen Andreada
gweimer@axiom.com,TRUE,9/24/2017,11/14/2017,First Class,277,DAL-ATL,306,Giulietta Weimer
azypern@axiom.com,FALSE,9/13/2017,11/13/2017,Economy,109,DAL-HOU,50,Annie Zypern
bfritzler@axiom.com,FALSE,02/10/2017,3/23/2017,Economy,69,DAL-CLE,85,Beth Fritzler
ghale,FALSE,11/14/2017,11/30/2017,Economy,68,DAL-HOU,298,Gene Hale
ccarreira@axiom.com,FALSE,11/23/2016,1/27/2017,Business,161,DAL-AUS,177,Craig Carreira
moakman@axiom.com,FALSE,10/06/2017,10/30/2017,First Class,254,DAL-SEA,529,Michael Oakman
tstivers@axiom.com,FALSE,9/19/2017,12/04/2017,Economy,78,DAL-PHX,761,Tom Stivers
dmartin@axiom.com,FALSE,11/20/2017,12/16/2017,Economy,157,DAL-PHX,200,Darrin Martin
jrupert@axiom.com,TRUE,01/12/2017,2/18/2017,Economy,111,DAL-AUS,379,Jocasta Rupert
ttaslimi@axiom.com,FALSE,10/02/2017,11/05/2017,Economy,157,DAL-PHX,750,Tim Taslimi
kbraun@axiom.com,FALSE,8/14/2017,12/11/2017,Business,148,DAL-AUS,420,Karl Braun
nchilds@axiom.com,FALSE,10/13/2017,11/19/2017,Economy,139,DAL-LGA,574,Noah Childs
educich@axiom.com,TRUE,4/19/2017,7/16/2017,Business,171,DAL-LAS,258,Emily Ducich
ldecherney@axiom.com,FALSE,12/20/2017,12/31/2017,Business,142,DAL-SEA,466,Lisa DeCherney
cjackson@axiom.com,FALSE,12/16/2016,02/06/2017,Economy,141,DAL-TUL,124,Carl Jackson
kferguson@axiom.com,FALSE,11/07/2017,11/19/2017,Economy,115,DAL-ELP,418,Karen Ferguson
carmstrong@axiom.com,FALSE,07/05/2017,9/23/2017,Economy,65,DAL-ELP,136,Cathy Armstrong
mjones@axiom.com,FALSE,10/10/2017,11/18/2017,Economy,118,DAL-AUS,515,Max Jones
djoy@axiom.com,FALSE,6/21/2017,09/08/2017,First Class,224,DAL-MDW,227,Denny Joy
kedelman@axiom.com,FALSE,12/02/2017,12/29/2017,Economy,86,DAL-HOU,427,Katrina Edelman
ahaines@axiom.com,FALSE,9/18/2017,11/13/2017,Economy,102,DAL-HOU,13,Alan Haines
sann@axiom.com,TRUE,7/31/2017,8/23/2017,Economy,138,DAL-AUS,721,Sue Ann Reed
jlebron@axiom.com,FALSE,5/15/2017,06/12/2017,Economy,88,DAL-HOU,341,Jack Lebron
educich@axiom.com,FALSE,07/06/2017,8/28/2017,Economy,130,DAL-LGA,258,Emily Ducich
kducich@axiom.com,TRUE,9/17/2017,11/30/2017,Economy,114,DAL-OKC,422,Katherine Ducich
mgastineau@axiom.com,TRUE,4/24/2017,06/03/2017,Economy,94,DAL-ATL,546,Mitch Gastineau
msatty@axiom.com,FALSE,09/06/2017,10/14/2017,Business,157,DAL-ATL,513,Maurice Satty
hwasserman@axiom.com,FALSE,10/30/2017,12/27/2017,Business,177,DAL-AUS,328,Helen Wasserman
aallen@axiom.com,FALSE,10/11/2017,11/15/2017,Economy,83,DAL-LGA,32,Andrew Allen
dkotsonis@axiom.com,FALSE,8/13/2017,09/04/2017,Economy,127,DAL-SFO,188,Damala Kotsonis
cstewart@axiom.com,FALSE,11/23/2017,12/24/2017,Economy,93,DAL-MDW,166,Cindy Stewart
pprost@axiom.com,FALSE,01/03/2017,05/05/2017,Economy,130,DAL-MDW,596,Paul Prost
jeaton@axiom.com,FALSE,2/24/2017,5/17/2017,Economy,123,DAL-HOU,382,Joel Eaton
nfritzler@axiom.com,FALSE,07/03/2017,8/23/2017,Economy,68,DAL-AUS,558,Natalie Fritzler
reichhorn@axiom.com,FALSE,11/04/2017,12/17/2017,Economy,60,DAL-AUS,629,Richard Eichhorn
jbarnett@axiom.com,FALSE,11/07/2017,12/12/2017,Economy,89,DAL-AUS,402,Julia Barnett
tsissman@axiom.com,TRUE,02/08/2017,03/10/2017,Economy,106,DAL-HOU,738,Thais Sissman
gbell@axiom.com,FALSE,04/01/2017,05/03/2017,Economy,68,DAL-ATL,301,George Bell
bsweed@axiom.com,FALSE,10/28/2017,12/04/2017,First Class,281,DAL-AUS,106,Brendan Sweed
bdecherney@axiom.com,FALSE,9/21/2017,12/31/2017,Economy,145,DAL-GRR,108,Brian DeCherney
mhuthwaite@axiom.com,FALSE,3/17/2017,04/04/2017,Business,173,DAL-PHX,534,Michelle Huthwaite
nradford@axiom.com,TRUE,07/08/2017,09/01/2017,Economy,80,DAL-SEA,569,Nick Radford
rhightower@axiom.com,FALSE,09/10/2017,9/30/2017,Economy,133,DAL-HOU,636,Ritsa Hightower
jgalang@axiom.com,FALSE,6/14/2017,10/15/2017,Economy,69,DAL-LGA,343,James Galang
cdemoss@axiom.com,FALSE,8/26/2017,11/09/2017,Business,133,DAL-AUS,151,Christina DeMoss
mlee@axiom.com,FALSE,6/28/2017,08/12/2017,Economy,148,DAL-AUS,550,Muhammed Lee
jmyrick@axiom.com,FALSE,6/17/2017,8/16/2017,Economy,114,DAL-ATL,368,Jessica Myrick
lryan@axiom.com,FALSE,8/25/2017,9/30/2017,Economy,124,DAL-LAS,468,Lisa Ryan
ejacobs@axiom.com,FALSE,01/10/2017,3/20/2017,Business,131,DAL-SFO,276,Eva Jacobs
arosenblatt@axiom.com,FALSE,11/20/2017,12/31/2017,Business,62,DAL-SEA,27,Allen Rosenblatt
dleinenbach@axiom.com,TRUE,11/06/2017,11/28/2017,Economy,61,DAL-ATL,221,Denise Leinenbach
bfritzler@axiom.com,TRUE,2/16/2017,3/23/2017,Economy,74,DAL-HOU,85,Beth Fritzler
ddickinson@axiom.com,FALSE,06/06/2017,10/08/2017,Economy,110,DAL-HOU,237,Dorothy Dickinson
mschwartz@axiom.com,TRUE,11/29/2017,12/29/2017,First Class,254,DAL-OKC,517,Maxwell Schwartz
tstivers@axiom.com,FALSE,11/06/2017,12/04/2017,Economy,113,DAL-HOU,761,Tom Stivers
dbremer@axiom.com,FALSE,10/04/2017,12/06/2017,Economy,115,DAL-ATL,207,David Bremer
jrupert@axiom.com,FALSE,12/11/2016,2/18/2017,First Class,225,DAL-HOU,379,Jocasta Rupert
ttaslimi@axiom.com,TRUE,9/13/2017,11/05/2017,Economy,113,DAL-AUS,750,Tim Taslimi
schance,FALSE,01/01/2017,1/29/2017,Economy,71,DAL-PHX,695,Shaun Chance
cbergmann@axiom.com,TRUE,10/21/2017,11/10/2017,Economy,151,DAL-AMA,168,Claudia Bergmann
ahane@axiom.com,TRUE,5/15/2017,9/15/2017,Economy,62,DAL-AUS,8,Adrian Hane
kferguson@axiom.com,FALSE,11/03/2017,11/19/2017,Economy,128,DAL-PHX,418,Karen Ferguson
rfranzösisch@axiom.com,FALSE,4/13/2017,6/25/2017,Economy,155,DAL-PHX,655,Roy Französisch
fcarlisle@axiom.com,TRUE,2/26/2017,4/21/2017,Economy,101,DAL-GRR,282,Frank Carlisle
mhaberlin@axiom.com,TRUE,07/04/2017,7/27/2017,Economy,152,DAL-ELP,495,Mark Haberlin
djoy@axiom.com,FALSE,08/12/2017,09/08/2017,Economy,72,DAL-LAS,227,Denny Joy
dkendrick@axiom.com,FALSE,10/12/2017,10/17/2017,Economy,158,DAL-HOU,209,David Kendrick
aarmold@axiom.com,TRUE,04/09/2017,05/12/2017,Economy,124,DAL-SLC,25,Allen Armold
rwaldorf@axiom.com,FALSE,10/13/2017,11/14/2017,Economy,158,DAL-HOU,645,Robert Waldorf
jlebron@axiom.com,TRUE,5/30/2017,06/12/2017,Economy,140,DAL-OKC,341,Jack Lebron
kmurray@axiom.com,FALSE,10/14/2017,12/29/2017,Business,141,DAL-LGA,424,Katherine Murray
,FALSE,11/20/2017,12/31/2017,Economy,71,DAL-ELP,679,Sarah Foster
x,FALSE,1/29/2017,03/06/2017,Economy,105,DAL-SLC,204,Dave Hallsten
hwasserman@axiom.com,FALSE,11/04/2017,12/27/2017,Economy,74,DAL-TUL,328,Helen Wasserman
snguyen@axiom.com,FALSE,07/04/2017,10/02/2017,Economy,60,DAL-LGA,713,Steve Nguyen
hengle@axiom.com,FALSE,9/30/2017,11/04/2017,Economy,90,DAL-CLE,319,Harold Engle
carntzen@axiom.com,FALSE,01/04/2017,3/26/2017,First Class,213,DAL-HOU,184,Cynthia Arntzen
dbrooks@axiom.com,FALSE,10/21/2017,12/11/2017,Economy,75,DAL-GRR,203,Dave Brooks
dpoirier@axiom.com,FALSE,10/21/2017,11/17/2017,Economy,87,DAL-MDW,206,Dave Poirier
spak@axiom.com,FALSE,09/07/2017,9/22/2017,Economy,129,DAL-AUS,723,Sung Pak
rd'ascenzo@axiom.com,TRUE,11/11/2017,12/03/2017,Economy,154,DAL-LAS,661,Russell D'Ascenzo
jeaton@axiom.com,FALSE,05/08/2017,5/17/2017,Economy,121,DAL-ATL,382,Joel Eaton
rhaberlin@axiom.com,FALSE,06/07/2017,6/30/2017,Economy,110,DAL-HOU,639,Rob Haberlin
agrove@axiom.com,FALSE,9/21/2017,10/17/2017,Business,144,DAL-PHX,18,Alejandro Grove
rausman@axiom.com,FALSE,02/01/2017,4/15/2017,Economy,131,DAL-PHX,658,Ruben Ausman
sengle@axiom.com,FALSE,1/16/2017,3/31/2017,Business,174,DAL-LAS,673,Sanjit Engle
rkennedy@axiom.com,FALSE,7/19/2017,7/31/2017,Economy,70,DAL-AUS,619,Ralph Kennedy
mgastineau@axiom.com,FALSE,7/21/2017,9/19/2017,Economy,75,DAL-AUS,511,Maureen Gastineau
nfranzösisch@axiom.com,FALSE,6/13/2017,6/20/2017,Economy,131,DAL-AMA,564,Neil Französisch
mgockenbach@axiom.com,FALSE,2/16/2017,04/08/2017,Economy,97,DAL-HOU,542,Mike Gockenbach
ccheatham@axiom.com,FALSE,8/17/2017,09/08/2017,Economy,105,DAL-LGA,169,Clay Cheatham
kwillman@axiom.com,FALSE,09/06/2017,11/02/2017,Economy,106,DAL-ATL,428,Katrina Willman
ashonely@axiom.com,FALSE,5/25/2017,6/18/2017,Economy,81,DAL-OKC,16,Alan Shonely
sgordon@axiom.com,FALSE,07/09/2017,9/24/2017,Economy,144,DAL-LGA,697,Sheri Gordon
rhightower@axiom.com,FALSE,09/04/2017,9/30/2017,Economy,92,DAL-MDW,636,Ritsa Hightower
rschwarz@axiom.com,FALSE,09/04/2017,10/06/2017,First Class,248,DAL-MDW,650,Roland Schwarz
cphan@axiom.com,FALSE,9/29/2017,11/07/2017,Economy,115,DAL-PHX,155,Christine Phan
fharton@axiom.com,FALSE,11/16/2017,12/11/2017,Economy,134,DAL-OKC,289,Fred Harton
lhaushalter@axiom.com,FALSE,10/11/2017,11/10/2017,Economy,91,DAL-AUS,476,Logan Haushalter
tbrockman@axiom.com,TRUE,10/25/2017,11/27/2017,Economy,74,DAL-HOU,749,Tim Brockman
jgarza@axiom.com,FALSE,2/28/2017,3/18/2017,First Class,257,DAL-SLC,340,Jack Garza
aferguson@axiom.com,FALSE,9/22/2017,11/30/2017,Economy,79,DAL-HOU,58,Art Ferguson
mlee@axiom.com,FALSE,06/09/2017,08/12/2017,Economy,108,DAL-MDW,550,Muhammed Lee
tritter@axiom.com,TRUE,07/12/2017,11/03/2017,Economy,64,DAL-ELP,754,Toby Ritter
mbrown@axiom.com,FALSE,6/28/2017,7/15/2017,Economy,61,DAL-LAS,538,Mick Brown
csayre@axiom.com,FALSE,5/27/2017,7/13/2017,Economy,126,DAL-AUS,122,Cari Sayre
swooten@axiom.com,TRUE,8/27/2017,9/18/2017,Economy,74,DAL-SLC,682,Scot Wooten
handreada@axiom.com,FALSE,8/16/2017,09/05/2017,Economy,88,DAL-PHX,327,Helen Andreada
cprescott@axiom.com,FALSE,10/19/2017,11/01/2017,Economy,97,DAL-PHX,138,Cathy Prescott
ahawkins@axiom.com,FALSE,2/20/2017,05/12/2017,Economy,64,DAL-ATL,2,Aaron Hawkins
azypern@axiom.com,FALSE,7/29/2017,11/13/2017,Economy,162,DAL-SLC,50,Annie Zypern
rphan@axiom.com,FALSE,10/08/2017,12/11/2017,Economy,153,DAL-LGA,656,Roy Phan
bfritzler@axiom.com,FALSE,2/18/2017,3/23/2017,Business,134,DAL-AUS,85,Beth Fritzler
ghale,TRUE,8/14/2017,11/30/2017,Economy,139,DAL-MDW,298,Gene Hale
ccarreira@axiom.com,FALSE,12/08/2016,1/27/2017,First Class,261,DAL-SEA,177,Craig Carreira
ttaslimi@axiom.com,FALSE,8/28/2017,11/05/2017,Economy,116,DAL-LGA,750,Tim Taslimi
nchilds@axiom.com,FALSE,9/17/2017,11/19/2017,Business,158,DAL-AUS,574,Noah Childs
asteele@axiom.com,FALSE,9/23/2017,10/01/2017,Business,110,DAL-AMA,42,Ann Steele
bdodson@axiom.com,FALSE,8/20/2017,10/01/2017,Economy,101,DAL-MDW,104,Brendan Dodson
tboland@axiom.com,FALSE,3/13/2017,04/10/2017,Economy,98,DAL-ATL,744,Thomas Boland
ldecherney@axiom.com,TRUE,12/10/2017,12/31/2017,Economy,149,DAL-AUS,466,Lisa DeCherney
kferguson@axiom.com,FALSE,11/08/2017,11/19/2017,Economy,80,DAL-PHX,418,Karen Ferguson
rbradley@axiom.com,FALSE,10/22/2017,12/08/2017,Economy,87,DAL-HOU,621,Randy Bradley
esmith@axiom.com,TRUE,12/12/2017,12/25/2017,Economy,145,DAL-GRR,267,Erica Smith
ccatlett@axiom.com,TRUE,3/25/2017,5/16/2017,Economy,157,DAL-AUS,173,Corey Catlett
mjones@axiom.com,FALSE,10/08/2017,11/18/2017,Economy,112,DAL-OKC,515,Max Jones
kedelman@axiom.com,TRUE,11/28/2017,12/29/2017,Economy,158,DAL-ELP,427,Katrina Edelman
ahaines@axiom.com,FALSE,9/16/2017,11/13/2017,Business,81,DAL-AUS,13,Alan Haines
bbowman@axiom.com,FALSE,8/21/2017,10/08/2017,Economy,98,DAL-ELP,103,Brenda Bowman
sann@axiom.com,TRUE,7/19/2017,8/23/2017,First Class,228,DAL-ELP,721,Sue Ann Reed
jlebron@axiom.com,FALSE,5/27/2017,06/12/2017,Economy,64,DAL-HOU,341,Jack Lebron
dbickford@axiom.com,FALSE,8/17/2017,9/30/2017,Business,120,DAL-SLC,240,Doug Bickford
,FALSE,12/13/2017,12/31/2017,Economy,62,DAL-LAS,679,Sarah Foster
msatty@axiom.com,FALSE,10/01/2017,10/14/2017,Business,172,DAL-ELP,513,Maurice Satty
mchen@axiom.com,TRUE,1/31/2017,2/13/2017,Economy,86,DAL-LGA,522,Michael Chen
hwasserman@axiom.com,FALSE,11/26/2017,12/27/2017,Economy,103,DAL-ATL,328,Helen Wasserman
snguyen@axiom.com,FALSE,8/26/2017,10/02/2017,Economy,125,DAL-AUS,713,Steve Nguyen
kthornton@axiom.com,FALSE,5/23/2017,6/29/2017,Business,105,DAL-LGA,431,Kean Thornton
jcaffey@axiom.com,FALSE,11/27/2017,12/22/2017,Economy,159,DAL-GRR,358,Jenna Caffey
mcousins@axiom.com,FALSE,09/09/2017,12/24/2017,Economy,85,DAL-AUS,494,Mark Cousins
dbrooks@axiom.com,TRUE,9/21/2017,12/11/2017,Business,177,DAL-LAS,203,Dave Brooks
dpoirier@axiom.com,FALSE,07/12/2017,11/17/2017,Economy,142,DAL-HOU,206,Dave Poirier
spak@axiom.com,FALSE,8/13/2017,9/22/2017,Economy,106,DAL-CLE,723,Sung Pak
bweirich@axiom.com,TRUE,5/15/2017,07/09/2017,Economy,91,DAL-LAS,71,Barry Weirich
rd'ascenzo@axiom.com,FALSE,11/10/2017,12/03/2017,Economy,152,DAL-GRR,661,Russell D'Ascenzo
jeaton@axiom.com,FALSE,05/03/2017,5/17/2017,Business,156,DAL-SEA,382,Joel Eaton
kcarter@axiom.com,FALSE,10/08/2016,2/13/2017,Economy,112,DAL-PHX,444,Kimberly Carter
rhaberlin@axiom.com,TRUE,5/26/2017,6/30/2017,Economy,84,DAL-MDW,639,Rob Haberlin
bgillingham@axiom.com,FALSE,01/12/2017,3/23/2017,Economy,159,DAL-AUS,113,Brooke Gillingham
bdonatelli@axiom.com,FALSE,10/23/2017,11/25/2017,Economy,126,DAL-ATL,88,Bill Donatelli
agrove@axiom.com,FALSE,08/04/2017,10/17/2017,Economy,119,DAL-LAS,18,Alejandro Grove
rausman@axiom.com,FALSE,04/02/2017,4/15/2017,Business,140,DAL-GRR,658,Ruben Ausman
dkendrick@axiom.com,FALSE,09/09/2017,9/22/2017,Economy,68,DAL-OKC,209,David Kendrick
jlonsdale@axiom.com,TRUE,10/10/2017,11/17/2017,Economy,111,DAL-AUS,366,Jeremy Lonsdale
kseio@axiom.com,FALSE,5/30/2017,07/10/2017,Economy,117,DAL-OKC,419,Karen Seio
mgockenbach@axiom.com,FALSE,03/04/2017,04/08/2017,Economy,60,DAL-HOU,542,Mike Gockenbach
ccheatham@axiom.com,FALSE,7/16/2017,09/08/2017,Economy,145,DAL-AUS,169,Clay Cheatham
kwillman@axiom.com,FALSE,10/17/2017,11/02/2017,Economy,97,DAL-AMA,428,Katrina Willman
abergman@axiom.com,FALSE,8/23/2017,10/07/2017,Economy,70,DAL-MDW,1,Aaron Bergman
sgordon@axiom.com,FALSE,08/09/2017,9/24/2017,Economy,91,DAL-OKC,697,Sheri Gordon
cphan@axiom.com,FALSE,9/28/2017,11/07/2017,Economy,103,DAL-LGA,155,Christine Phan
nmurray@axiom.com,FALSE,6/21/2017,08/07/2017,First Class,232,DAL-ATL,567,Neoma Murray
fharton@axiom.com,FALSE,11/10/2017,12/11/2017,Economy,86,DAL-AUS,289,Fred Harton
bstugart@axiom.com,FALSE,1/17/2017,3/31/2017,Economy,61,DAL-AUS,111,Brian Stugart
tbrockman@axiom.com,TRUE,9/24/2017,11/27/2017,Economy,117,DAL-MDW,749,Tim Brockman
mlee@axiom.com,FALSE,5/23/2017,08/12/2017,Economy,107,DAL-HOU,550,Muhammed Lee
pmcvee@axiom.com,FALSE,6/14/2017,6/25/2017,Business,135,DAL-PHX,608,Peter McVee
rapplegate@axiom.com,TRUE,09/12/2017,9/29/2017,Economy,64,DAL-HOU,660,Russell Applegate
mbrown@axiom.com,FALSE,05/04/2017,7/15/2017,First Class,307,DAL-AUS,538,Mick Brown
csayre@axiom.com,FALSE,5/14/2017,7/13/2017,Economy,104,DAL-HOU,122,Cari Sayre
knunn@axiom.com,FALSE,3/15/2017,06/04/2017,Economy,82,DAL-SEA,446,Kristina Nunn
kheidel@axiom.com,TRUE,02/07/2017,03/05/2017,Economy,156,DAL-AMA,441,Ken Heidel
mclasen@axiom.com,FALSE,11/29/2017,12/16/2017,First Class,307,DAL-HOU,508,Matthew Clasen
azypern@axiom.com,FALSE,09/04/2017,11/13/2017,Business,140,DAL-AMA,50,Annie Zypern
rphan@axiom.com,FALSE,11/22/2017,12/11/2017,Economy,116,DAL-MDW,656,Roy Phan
ghale,FALSE,11/15/2017,11/30/2017,Economy,76,DAL-HOU,298,Gene Hale
sbrown@axiom.com,FALSE,5/20/2017,6/23/2017,Economy,116,DAL-AUS,678,Sarah Brown
cadams@axiom.com,FALSE,6/28/2017,08/03/2017,Economy,106,DAL-MDW,130,Carol Adams
croper@axiom.com,FALSE,09/08/2017,9/17/2017,Economy,79,DAL-MDW,174,Corey Roper
tbutterfield@axiom.com,FALSE,4/14/2017,4/25/2017,First Class,239,DAL-PHX,736,Ted Butterfield
ttaslimi@axiom.com,FALSE,8/31/2017,11/05/2017,Economy,104,DAL-PHX,750,Tim Taslimi
bthompson@axiom.com,FALSE,09/01/2017,9/19/2017,Economy,158,DAL-HOU,87,Beth Thompson
rdemir@axiom.com,FALSE,06/12/2017,09/02/2017,Economy,149,DAL-ELP,647,Roger Demir
bdodson@axiom.com,FALSE,8/28/2017,10/01/2017,Economy,71,DAL-AMA,104,Brendan Dodson
tboland@axiom.com,FALSE,03/08/2017,04/10/2017,Business,121,DAL-LGA,744,Thomas Boland
hryan@axiom.com,FALSE,12/28/2016,3/22/2017,Economy,117,DAL-LGA,321,Harold Ryan
jmitchum@axiom.com,FALSE,6/15/2017,7/19/2017,Economy,144,DAL-ELP,376,Jim Mitchum
ccatlett@axiom.com,FALSE,4/29/2017,5/16/2017,Economy,137,DAL-AUS,173,Corey Catlett
mjones@axiom.com,FALSE,10/04/2017,11/18/2017,Economy,145,DAL-SLC,515,Max Jones
sann@axiom.com,FALSE,7/28/2017,8/23/2017,Economy,127,DAL-GRR,721,Sue Ann Reed
jlebron@axiom.com,FALSE,4/29/2017,06/12/2017,Economy,153,DAL-MDW,341,Jack Lebron
mhernandez@axiom.com,FALSE,11/26/2017,12/18/2017,Economy,152,DAL-LGA,540,Mick Hernandez
,FALSE,11/21/2017,12/31/2017,Economy,117,DAL-PHX,679,Sarah Foster
kducich@axiom.com,FALSE,11/04/2017,11/30/2017,Economy,153,DAL-LGA,422,Katherine Ducich
ngelder@axiom.com,FALSE,9/29/2017,10/20/2017,Economy,153,DAL-LGA,561,Nathan Gelder
gkelly@axiom.com,TRUE,08/07/2017,09/12/2017,Economy,99,DAL-MDW,307,Grace Kelly
scohen@axiom.com,FALSE,3/18/2017,06/02/2017,Economy,126,DAL-AUS,683,Scott Cohen
ephan@axiom.com,FALSE,11/24/2017,12/31/2017,Economy,114,DAL-LGA,260,Emily Phan
msatty@axiom.com,FALSE,7/14/2017,10/14/2017,Business,120,DAL-PHX,513,Maurice Satty
dpoirier@axiom.com,FALSE,09/11/2017,12/07/2017,Economy,131,DAL-TUL,206,Dave Poirier
jcaffey@axiom.com,TRUE,11/05/2017,12/22/2017,Economy,119,DAL-LGA,358,Jenna Caffey
dpoirier@axiom.com,FALSE,09/04/2017,11/17/2017,Economy,90,DAL-CLE,206,Dave Poirier
bweirich@axiom.com,TRUE,6/21/2017,07/09/2017,Economy,121,DAL-SEA,71,Barry Weirich
rd'ascenzo@axiom.com,FALSE,9/24/2017,12/03/2017,Economy,84,DAL-MDW,661,Russell D'Ascenzo
jeaton@axiom.com,FALSE,03/02/2017,5/17/2017,First Class,265,DAL-AMA,382,Joel Eaton
nfritzler@axiom.com,TRUE,08/06/2017,8/23/2017,Economy,68,DAL-LAS,558,Natalie Fritzler
rhaberlin@axiom.com,TRUE,6/15/2017,6/30/2017,Economy,156,DAL-HOU,639,Rob Haberlin
bdonatelli@axiom.com,FALSE,11/13/2017,11/25/2017,First Class,267,DAL-ATL,88,Bill Donatelli
jepp@axiom.com,FALSE,4/30/2017,06/03/2017,Business,98,DAL-AUS,373,Jim Epp
sholloman@axiom.com,FALSE,10/22/2017,12/01/2017,Economy,102,DAL-HOU,708,Stefanie Holloman
mdominguez@axiom.com,FALSE,09/05/2017,11/09/2017,Business,171,DAL-AMA,523,Michael Dominguez
kseio@axiom.com,TRUE,06/04/2017,07/10/2017,Economy,129,DAL-OKC,419,Karen Seio
mlee@axiom.com,FALSE,08/09/2017,12/13/2017,Economy,109,DAL-ATL,550,Muhammed Lee
ccheatham@axiom.com,FALSE,8/23/2017,09/08/2017,Economy,125,DAL-AMA,169,Clay Cheatham
mhuthwaite@axiom.com,FALSE,3/16/2017,04/04/2017,Economy,118,DAL-GRR,534,Michelle Huthwaite
jwest@axiom.com,FALSE,10/26/2017,11/02/2017,Business,134,DAL-LGA,404,Julia West
bstewart,FALSE,07/09/2017,9/19/2017,Economy,109,DAL-SLC,117,Bruce Stewart
rhightower@axiom.com,FALSE,9/15/2017,9/30/2017,Economy,78,DAL-AUS,636,Ritsa Hightower
cphan@axiom.com,FALSE,9/30/2017,11/07/2017,Economy,129,DAL-OKC,155,Christine Phan
nmurray@axiom.com,TRUE,6/23/2017,08/07/2017,Economy,102,DAL-SLC,567,Neoma Murray
fharton@axiom.com,TRUE,11/24/2017,12/11/2017,Economy,135,DAL-AUS,289,Fred Harton
mlee@axiom.com,FALSE,6/29/2017,08/12/2017,First Class,305,DAL-OKC,550,Muhammed Lee
jfortune-@axiom.com,TRUE,11/17/2017,12/24/2017,Economy,131,DAL-PHX,352,Jason Fortune-
rapplegate@axiom.com,TRUE,09/12/2017,9/29/2017,Economy,159,DAL-PHX,660,Russell Applegate
jcastell@axiom.com,FALSE,1/18/2017,02/04/2017,Economy,120,DAL-AUS,384,John Castell
jpatt@axiom.com,TRUE,11/22/2017,12/20/2017,Business,94,DAL-GRR,363,Jennifer Patt
tseio@axiom.com,FALSE,11/21/2017,12/11/2017,Business,144,DAL-AUS,746,Thomas Seio
knunn@axiom.com,FALSE,3/24/2017,06/04/2017,Economy,86,DAL-ATL,446,Kristina Nunn
kheidel@axiom.com,FALSE,01/10/2017,03/05/2017,Economy,77,DAL-LAS,441,Ken Heidel
azypern@axiom.com,FALSE,10/25/2017,11/13/2017,Economy,103,DAL-AUS,50,Annie Zypern
ghale,FALSE,09/05/2017,11/30/2017,Economy,80,DAL-AUS,298,Gene Hale
sbrown@axiom.com,FALSE,05/06/2017,6/23/2017,Economy,129,DAL-HOU,678,Sarah Brown
jmyrick@axiom.com,FALSE,8/15/2017,10/09/2017,Economy,72,DAL-OKC,368,Jessica Myrick
croper@axiom.com,TRUE,7/28/2017,9/17/2017,Economy,71,DAL-ATL,174,Corey Roper
mstewart@axiom.com,FALSE,10/23/2017,11/10/2017,First Class,222,DAL-ELP,531,Michael Stewart
tbutterfield@axiom.com,FALSE,4/14/2017,4/25/2017,Business,88,DAL-OKC,736,Ted Butterfield
bthompson@axiom.com,FALSE,09/06/2017,9/19/2017,Economy,77,DAL-ELP,87,Beth Thompson
rdemir@axiom.com,FALSE,8/23/2017,09/02/2017,Economy,62,DAL-HOU,647,Roger Demir
cabelman@axiom.com,FALSE,8/29/2017,9/17/2017,Economy,77,DAL-MDW,153,Christine Abelman
pjohnson@axiom.com,TRUE,06/07/2017,07/02/2017,Economy,99,DAL-GRR,600,Pauline Johnson
tboland@axiom.com,FALSE,3/17/2017,04/10/2017,Economy,68,DAL-HOU,744,Thomas Boland
lblacks@axiom.com,FALSE,08/01/2017,09/08/2017,Economy,127,DAL-LGA,448,Larry Blacks
hryan@axiom.com,FALSE,2/16/2017,3/22/2017,Economy,65,DAL-MDW,321,Harold Ryan
xx,TRUE,09/07/2017,11/14/2017,Economy,100,DAL-AUS,763,Tony Chapman
fcarlisle@axiom.com,TRUE,3/14/2017,4/21/2017,First Class,286,DAL-ATL,282,Frank Carlisle
mgnade@axiom.com,FALSE,3/17/2017,04/07/2017,Economy,72,DAL-GRR,512,Maureen Gnade
cjackson@axiom.com,TRUE,07/06/2017,09/11/2017,Business,121,DAL-LAS,124,Carl Jackson
mjones@axiom.com,FALSE,8/25/2017,11/18/2017,Economy,151,DAL-LGA,515,Max Jones
fmerwin@axiom.com,FALSE,04/04/2017,6/17/2017,Economy,97,DAL-AUS,285,Frank Merwin
rwaldorf@axiom.com,FALSE,10/29/2017,11/14/2017,First Class,215,DAL-ELP,645,Robert Waldorf
beason@axiom.com,FALSE,04/01/2017,05/02/2017,Business,159,DAL-PHX,97,Brad Eason
iliston@axiom.com,FALSE,09/10/2017,11/29/2017,Economy,69,DAL-PHX,339,Ivan Liston
jlebron@axiom.com,FALSE,05/07/2017,06/12/2017,Economy,126,DAL-MDW,341,Jack Lebron
mhernandez@axiom.com,TRUE,11/12/2017,12/18/2017,Economy,121,DAL-TUL,540,Mick Hernandez
kducich@axiom.com,FALSE,11/17/2017,11/30/2017,Business,96,DAL-AUS,422,Katherine Ducich
scohen@axiom.com,FALSE,4/29/2017,06/02/2017,Economy,151,DAL-MDW,683,Scott Cohen
msatty@axiom.com,FALSE,9/16/2017,10/14/2017,Economy,64,DAL-ELP,513,Maurice Satty
hwasserman@axiom.com,FALSE,11/13/2017,12/27/2017,Economy,89,DAL-ELP,328,Helen Wasserman
ajacobs@axiom.com,FALSE,1/29/2017,05/09/2017,Economy,63,DAL-OKC,52,Anthony Jacobs
dkotsonis@axiom.com,FALSE,6/15/2017,09/04/2017,Economy,65,DAL-HOU,188,Damala Kotsonis
pprost@axiom.com,FALSE,3/24/2017,05/05/2017,Economy,97,DAL-GRR,596,Paul Prost
jholt@axiom.com,FALSE,09/01/2017,11/09/2017,Economy,105,DAL-LAS,398,Joseph Holt
jmartin@axiom.com,FALSE,11/24/2017,12/09/2017,First Class,255,DAL-SEA,349,Janet Martin
jeaton@axiom.com,FALSE,04/02/2017,5/17/2017,Economy,87,DAL-ATL,382,Joel Eaton
nfritzler@axiom.com,FALSE,08/02/2017,8/23/2017,Business,154,DAL-AUS,558,Natalie Fritzler
jepp@axiom.com,FALSE,04/09/2017,06/03/2017,Business,177,DAL-HOU,373,Jim Epp
kseio@axiom.com,FALSE,6/19/2017,07/10/2017,Economy,109,DAL-MDW,419,Karen Seio
bdecherney@axiom.com,FALSE,12/22/2017,12/31/2017,Economy,105,DAL-AUS,108,Brian DeCherney
ngelder@axiom.com,FALSE,1/23/2017,03/07/2017,Economy,114,DAL-AMA,561,Nathan Gelder
mhuthwaite@axiom.com,FALSE,03/08/2017,04/04/2017,Economy,158,DAL-HOU,534,Michelle Huthwaite
nradford@axiom.com,TRUE,07/11/2017,09/01/2017,Economy,155,DAL-AUS,569,Nick Radford
svan@axiom.com,FALSE,09/05/2017,9/24/2017,Economy,118,DAL-ELP,720,Stuart Van
rhightower@axiom.com,FALSE,09/09/2017,9/30/2017,Economy,130,DAL-GRR,636,Ritsa Hightower
tnorvell@axiom.com,FALSE,6/25/2017,7/20/2017,Economy,135,DAL-HOU,735,Tanja Norvell
fharton@axiom.com,FALSE,9/27/2017,12/11/2017,Economy,86,DAL-ATL,289,Fred Harton
mlee@axiom.com,FALSE,6/27/2017,08/12/2017,Business,119,DAL-PHX,550,Muhammed Lee
jmyrick@axiom.com,TRUE,7/20/2017,8/16/2017,Business,130,DAL-SEA,368,Jessica Myrick
pnorris@axiom.com,FALSE,11/02/2017,11/22/2017,Economy,103,DAL-GRR,584,Parhena Norris
ejacobs@axiom.com,FALSE,1/19/2017,3/20/2017,Economy,98,DAL-MDW,276,Eva Jacobs
arosenblatt@axiom.com,FALSE,12/08/2017,12/31/2017,Economy,90,DAL-GRR,27,Allen Rosenblatt
jpatt@axiom.com,FALSE,10/29/2017,12/20/2017,Economy,99,DAL-GRR,363,Jennifer Patt
dleinenbach@axiom.com,FALSE,09/05/2017,11/28/2017,Economy,121,DAL-AUS,221,Denise Leinenbach
sbrown@axiom.com,FALSE,04/02/2017,6/23/2017,Economy,64,DAL-OKC,678,Sarah Brown
mschwartz@axiom.com,FALSE,10/25/2017,12/29/2017,Economy,73,DAL-PHX,517,Maxwell Schwartz
dflashing@axiom.com,FALSE,9/23/2017,11/26/2017,Business,141,DAL-AUS,208,David Flashing
csievert@axiom.com,FALSE,2/25/2017,04/02/2017,Economy,150,DAL-AUS,141,Chad Sievert
dbremer@axiom.com,TRUE,10/02/2017,12/06/2017,Economy,62,DAL-PHX,207,David Bremer
jrupert@axiom.com,FALSE,1/15/2017,2/18/2017,Economy,118,DAL-HOU,379,Jocasta Rupert
cstewart@axiom.com,TRUE,6/14/2017,9/27/2017,Economy,151,DAL-MDW,166,Cindy Stewart
bblumstein@axiom.com,FALSE,11/17/2017,12/26/2017,Economy,80,DAL-GRR,66,Barry Blumstein
rdemir@axiom.com,FALSE,8/22/2017,09/02/2017,Economy,98,DAL-TUL,647,Roger Demir
dbremer@axiom.com,FALSE,10/26/2017,12/15/2017,Economy,138,DAL-HOU,207,David Bremer
ktakahito@axiom.com,FALSE,2/27/2017,4/19/2017,Economy,112,DAL-LGA,430,Kean Takahito
tboland@axiom.com,TRUE,3/14/2017,04/10/2017,Business,135,DAL-AUS,744,Thomas Boland
schance,FALSE,11/08/2016,1/29/2017,Economy,143,DAL-PHX,695,Shaun Chance
rfranzösisch@axiom.com,FALSE,4/26/2017,6/25/2017,Economy,70,DAL-OKC,655,Roy Französisch
fcarlisle@axiom.com,FALSE,1/24/2017,4/21/2017,Economy,104,DAL-PHX,282,Frank Carlisle
mgnade@axiom.com,TRUE,1/14/2017,04/07/2017,Economy,141,DAL-LGA,512,Maureen Gnade
mhaberlin@axiom.com,FALSE,5/27/2017,7/27/2017,Economy,73,DAL-AUS,495,Mark Haberlin
djoy@axiom.com,FALSE,07/03/2017,09/08/2017,Economy,114,DAL-HOU,227,Denny Joy
dkendrick@axiom.com,FALSE,8/19/2017,10/17/2017,Economy,70,DAL-PHX,209,David Kendrick
rwaldorf@axiom.com,FALSE,9/30/2017,11/14/2017,Business,110,DAL-OKC,645,Robert Waldorf
dkatz@axiom.com,FALSE,09/07/2017,9/27/2017,Economy,91,DAL-ATL,214,Dean Katz
jlebron@axiom.com,FALSE,05/05/2017,06/12/2017,Economy,115,DAL-PHX,341,Jack Lebron
mhernandez@axiom.com,FALSE,11/26/2017,12/18/2017,Economy,110,DAL-OKC,540,Mick Hernandez
marnett@axiom.com,TRUE,10/19/2017,11/06/2017,Economy,86,DAL-AMA,532,Michelle Arnett
hwasserman@axiom.com,FALSE,12/11/2017,12/27/2017,Economy,93,DAL-HOU,328,Helen Wasserman
dkotsonis@axiom.com,TRUE,7/13/2017,09/04/2017,Economy,133,DAL-HOU,188,Damala Kotsonis
pprost@axiom.com,FALSE,3/17/2017,05/05/2017,Economy,95,DAL-HOU,596,Paul Prost
carntzen@axiom.com,FALSE,02/10/2017,3/26/2017,Economy,69,DAL-LGA,184,Cynthia Arntzen
jeaton@axiom.com,TRUE,4/30/2017,5/17/2017,Economy,84,DAL-HOU,382,Joel Eaton
dbadders@axiom.com,FALSE,4/26/2017,5/28/2017,Economy,124,DAL-AMA,236,Dorothy Badders
reichhorn@axiom.com,FALSE,11/10/2017,12/17/2017,Economy,134,DAL-GRR,629,Richard Eichhorn
rkennedy@axiom.com,FALSE,07/07/2017,7/31/2017,Economy,154,DAL-LGA,619,Ralph Kennedy
gbell@axiom.com,FALSE,4/25/2017,05/03/2017,Economy,111,DAL-LAS,301,George Bell
mgockenbach@axiom.com,FALSE,3/13/2017,04/08/2017,Economy,129,DAL-ATL,542,Mike Gockenbach
bsweed@axiom.com,FALSE,10/04/2017,12/04/2017,Economy,134,DAL-LAS,106,Brendan Sweed
mhuthwaite@axiom.com,FALSE,03/12/2017,04/04/2017,Economy,141,DAL-SFO,534,Michelle Huthwaite
rhightower@axiom.com,FALSE,08/11/2017,9/30/2017,First Class,249,DAL-MDW,636,Ritsa Hightower
jgalang@axiom.com,FALSE,09/05/2017,10/15/2017,Business,166,DAL-LAS,343,James Galang
spistek@axiom.com,FALSE,4/20/2017,5/16/2017,Economy,63,DAL-LGA,727,Susan Pistek
tprescott@axiom.com,FALSE,1/31/2017,2/13/2017,Economy,122,DAL-ATL,760,Tom Prescott
mlee@axiom.com,FALSE,05/05/2017,08/12/2017,Business,91,DAL-PHX,550,Muhammed Lee
mlee@axiom.com,FALSE,5/30/2017,08/12/2017,Business,166,DAL-ELP,550,Muhammed Lee
ejacobs@axiom.com,FALSE,02/02/2017,3/20/2017,Economy,68,DAL-AUS,276,Eva Jacobs
mgastineau@axiom.com,FALSE,9/17/2017,11/27/2017,Economy,142,DAL-SLC,511,Maureen Gastineau
bfritzler@axiom.com,FALSE,12/27/2016,3/23/2017,Economy,58,DAL-SEA,85,Beth Fritzler
rbuch@axiom.com,FALSE,9/14/2017,10/17/2017,Business,98,DAL-SLC,623,Raymond Buch
tstivers@axiom.com,FALSE,11/19/2017,12/04/2017,Economy,76,DAL-ELP,761,Tom Stivers
amcfarland@axiom.com,FALSE,10/13/2017,11/26/2017,Economy,137,DAL-AUS,47,Anne McFarland
dbremer@axiom.com,TRUE,9/20/2017,12/06/2017,Economy,78,DAL-LAS,207,David Bremer
jrupert@axiom.com,FALSE,1/23/2017,2/18/2017,Economy,91,DAL-GRR,379,Jocasta Rupert
ttaslimi@axiom.com,TRUE,09/09/2017,11/05/2017,Economy,66,DAL-OKC,750,Tim Taslimi
nchilds@axiom.com,FALSE,7/17/2017,11/19/2017,Economy,131,DAL-LGA,574,Noah Childs
educich@axiom.com,FALSE,6/28/2017,7/16/2017,Economy,102,DAL-LAS,258,Emily Ducich
nradford@axiom.com,FALSE,7/19/2017,9/30/2017,Economy,115,DAL-LGA,569,Nick Radford
tbrumley@axiom.com,FALSE,7/24/2017,8/19/2017,Economy,83,DAL-MDW,745,Thomas Brumley
cjackson@axiom.com,FALSE,11/30/2016,02/06/2017,Business,142,DAL-OKC,124,Carl Jackson
kferguson@axiom.com,TRUE,9/24/2017,11/19/2017,Business,172,DAL-AUS,418,Karen Ferguson
fcarlisle@axiom.com,FALSE,2/18/2017,4/21/2017,Economy,65,DAL-AUS,282,Frank Carlisle
carmstrong@axiom.com,FALSE,6/17/2017,9/23/2017,Economy,103,DAL-LAS,136,Cathy Armstrong
mhaberlin@axiom.com,FALSE,6/22/2017,7/27/2017,Economy,64,DAL-LAS,495,Mark Haberlin
djoy@axiom.com,TRUE,6/29/2017,09/08/2017,Economy,89,DAL-OKC,227,Denny Joy
dkendrick@axiom.com,TRUE,10/10/2017,10/17/2017,First Class,235,DAL-PHX,209,David Kendrick
aarmold@axiom.com,FALSE,4/14/2017,05/12/2017,Economy,125,DAL-AUS,25,Allen Armold
sann@axiom.com,FALSE,08/07/2017,8/23/2017,Economy,83,DAL-CLE,721,Sue Ann Reed
jlebron@axiom.com,FALSE,5/29/2017,06/12/2017,Economy,149,DAL-ATL,341,Jack Lebron
educich@axiom.com,TRUE,8/18/2017,8/28/2017,Economy,160,DAL-SLC,258,Emily Ducich
rcollins@axiom.com,FALSE,08/03/2017,9/15/2017,Business,113,DAL-SEA,654,Roy Collins
dbyrd@axiom.com,FALSE,09/06/2017,9/28/2017,Economy,112,DAL-LAS,193,Daniel Byrd
lryan@axiom.com,FALSE,8/20/2017,11/27/2017,Business,141,DAL-HOU,468,Lisa Ryan
dwardle@axiom.com,FALSE,1/31/2017,3/17/2017,Economy,107,DAL-OKC,238,Dorothy Wardle
kbern@axiom.com,TRUE,7/30/2017,9/23/2017,Economy,127,DAL-MDW,415,Karen Bern
hgoldwyn@axiom.com,FALSE,04/11/2017,05/08/2017,Economy,91,DAL-OKC,330,Henry Goldwyn
mpelletier@axiom.com,FALSE,10/08/2017,11/09/2017,Business,121,DAL-SEA,544,Mike Pelletier
xxx,FALSE,9/25/2017,10/27/2017,Business,102,DAL-AMA,347,Jane Waco
ncrebassa@axiom.com,FALSE,5/20/2017,6/20/2017,Economy,139,DAL-MDW,568,Nick Crebassa
tboeckenhauer@axiom.com,TRUE,3/18/2017,04/10/2017,Economy,137,DAL-PHX,759,Tom Boeckenhauer
mvittorini@axiom.com,FALSE,10/02/2017,10/24/2017,Business,176,DAL-PHX,545,Mike Vittorini
dvan@axiom.com,FALSE,1/19/2017,03/12/2017,Economy,114,DAL-LAS,202,Darrin Van Huff
knguyen@axiom.com,FALSE,07/03/2017,8/28/2017,Economy,135,DAL-TUL,429,Kean Nguyen
lryan@axiom.com,FALSE,07/11/2017,09/07/2017,Economy,64,DAL-MDW,468,Lisa Ryan
tdahlen@axiom.com,TRUE,9/22/2017,12/04/2017,Business,169,DAL-OKC,732,Tamara Dahlen
bvenier@axiom.com,FALSE,5/19/2017,6/22/2017,Economy,101,DAL-ATL,83,Benjamin Venier
szeldin@axiom.com,TRUE,10/24/2017,11/30/2017,Business,88,DAL-OKC,668,Sam Zeldin
ashami@axiom.com,FALSE,5/25/2017,07/01/2017,Economy,67,DAL-HOU,9,Adrian Shami
povercash@axiom.com,FALSE,11/06/2017,12/27/2017,Economy,74,DAL-AMA,611,Philisse Overcash
rmesse@axiom.com,FALSE,4/27/2017,7/17/2017,First Class,239,DAL-ATL,624,Raymond Messe
agoldenen@axiom.com,TRUE,3/28/2017,6/15/2017,Economy,145,DAL-HOU,26,Allen Goldenen
metezadi@axiom.com,FALSE,6/23/2017,7/20/2017,Economy,145,DAL-LAS,487,Maria Etezadi
darnett@axiom.com,FALSE,6/13/2017,8/26/2017,Economy,112,DAL-ELP,229,Dianna Arnett
cconant@axiom.com,FALSE,07/09/2017,08/06/2017,Economy,73,DAL-TUL,157,Christopher Conant
sweien@axiom.com,FALSE,2/26/2017,05/07/2017,Economy,136,DAL-ATL,696,Shaun Weien
hkirkland@axiom.com,TRUE,10/01/2017,12/16/2017,Economy,126,DAL-OKC,325,Heather Kirkland
mpelletier@axiom.com,FALSE,10/08/2017,11/25/2017,Economy,103,DAL-AUS,544,Mike Pelletier
mseite@axiom.com,TRUE,4/28/2017,7/26/2017,Economy,68,DAL-HOU,521,Melanie Seite
lweiss@axiom.com,FALSE,09/11/2017,9/26/2017,Economy,109,DAL-ATL,480,Luke Weiss
pbrown@axiom.com,TRUE,10/25/2017,12/15/2017,Economy,132,DAL-PHX,609,Philip Brown
dkane@axiom.com,FALSE,11/04/2017,12/20/2017,Economy,116,DAL-HOU,224,Dennis Kane
sjordon@axiom.com,FALSE,10/23/2017,12/10/2017,Economy,127,DAL-OKC,680,Sarah Jordon
jprescott@axiom.com,FALSE,11/03/2017,12/16/2017,Economy,155,DAL-SLC,408,Julie Prescott
abixby@axiom.com,FALSE,11/12/2017,12/08/2017,Economy,90,DAL-LGA,10,Aimee Bixby
dmedina@axiom.com,FALSE,3/27/2017,6/19/2017,Economy,118,DAL-ATL,196,Dario Medina
kbern@axiom.com,FALSE,8/29/2017,9/23/2017,Economy,122,DAL-PHX,415,Karen Bern
jhalladay@axiom.com,FALSE,10/30/2017,12/10/2017,Economy,135,DAL-PHX,361,Jennifer Halladay
agerbode@axiom.com,FALSE,09/05/2017,11/19/2017,Economy,146,DAL-HOU,35,Andy Gerbode
ndecherney@axiom.com,FALSE,09/03/2017,9/19/2017,Economy,97,DAL-SLC,557,Natalie DeCherney
ldonovan@axiom.com,FALSE,10/28/2017,11/19/2017,Economy,65,DAL-HOU,456,Lela Donovan
mcrier@axiom.com,FALSE,10/17/2017,11/20/2017,Economy,146,DAL-LGA,484,Marc Crier
tboeckenhauer@axiom.com,FALSE,3/17/2017,04/10/2017,Economy,61,DAL-ELP,759,Tom Boeckenhauer
dvan@axiom.com,FALSE,01/03/2017,03/12/2017,Economy,123,DAL-OKC,202,Darrin Van Huff
tsissman@axiom.com,FALSE,8/29/2017,11/29/2017,Economy,81,DAL-MDW,738,Thais Sissman
jbell-@axiom.com,FALSE,6/28/2017,07/09/2017,First Class,288,DAL-AUS,399,Joy Bell-
x,TRUE,10/31/2017,12/09/2017,Economy,142,DAL-HOU,699,Shirley Jackson
lshagiari@axiom.com,FALSE,11/25/2017,12/10/2017,Economy,152,DAL-SFO,464,Lindsay Shagiari
pjones@axiom.com,FALSE,10/21/2017,12/02/2017,Economy,94,DAL-AMA,588,Patrick Jones
mmoore@axiom.com,FALSE,5/30/2017,07/10/2017,Business,106,DAL-MDW,527,Michael Moore
xx,FALSE,5/27/2017,6/23/2017,Economy,143,DAL-OKC,445,Kristen Hastings
bgeld@axiom.com,FALSE,07/08/2017,09/11/2017,Economy,154,DAL-CLE,116,Bruce Geld
ecreighton@axiom.com,TRUE,12/20/2016,03/02/2017,Business,90,DAL-SLC,269,Erin Creighton
hredmond@axiom.com,FALSE,11/12/2017,12/09/2017,Economy,124,DAL-OKC,317,Hallie Redmond
mtillman@axiom.com,FALSE,4/20/2017,06/02/2017,Economy,99,DAL-PHX,520,Meg Tillman
darnett@axiom.com,FALSE,7/30/2017,09/07/2017,Economy,122,DAL-LGA,229,Dianna Arnett
sweien@axiom.com,FALSE,3/24/2017,05/07/2017,Economy,65,DAL-GRR,696,Shaun Weien
po'brill@axiom.com,FALSE,5/31/2017,6/19/2017,Economy,70,DAL-LGA,589,Patrick O'Brill
hkirkland@axiom.com,FALSE,11/21/2017,12/16/2017,Economy,122,DAL-ATL,325,Heather Kirkland
hkirkland@axiom.com,FALSE,10/06/2017,12/16/2017,Economy,71,DAL-AUS,325,Heather Kirkland
pwener@axiom.com,FALSE,11/24/2017,12/30/2017,Economy,144,DAL-AUS,615,Pierre Wener
nfranzösisch@axiom.com,FALSE,12/17/2016,1/17/2017,First Class,217,DAL-HOU,564,Neil Französisch
tsayre@axiom.com,FALSE,09/03/2017,10/04/2017,Economy,148,DAL-HOU,765,Tony Sayre
aallen@axiom.com,FALSE,11/04/2017,12/09/2017,Economy,67,DAL-HOU,32,Andrew Allen
pbrown@axiom.com,FALSE,10/22/2017,12/15/2017,Business,128,DAL-LGA,609,Philip Brown
ndecherney@axiom.com,FALSE,10/24/2017,11/25/2017,Economy,122,DAL-ELP,557,Natalie DeCherney
sjordon@axiom.com,FALSE,9/13/2017,12/10/2017,Economy,85,DAL-LAS,680,Sarah Jordon
cdemoss@axiom.com,FALSE,9/28/2017,10/17/2017,Economy,91,DAL-MDW,151,Christina DeMoss
cdaly@axiom.com,FALSE,7/21/2017,9/13/2017,Economy,75,DAL-LAS,127,Carlos Daly
kdana@axiom.com,FALSE,02/09/2017,6/17/2017,Business,179,DAL-MDW,440,Ken Dana
mlaware@axiom.com,FALSE,11/10/2017,12/09/2017,Business,106,DAL-OKC,493,Maris LaWare
dmedina@axiom.com,FALSE,05/01/2017,6/19/2017,Business,106,DAL-AUS,196,Dario Medina
agerbode@axiom.com,FALSE,08/10/2017,11/19/2017,Economy,102,DAL-PHX,35,Andy Gerbode
xxx,FALSE,09/01/2017,10/27/2017,Economy,122,DAL-LAS,347,Jane Waco
tboeckenhauer@axiom.com,FALSE,02/03/2017,04/10/2017,First Class,273,DAL-HOU,759,Tom Boeckenhauer
ldonovan@axiom.com,FALSE,3/30/2017,6/20/2017,Economy,121,DAL-AUS,456,Lela Donovan
mvan@axiom.com,TRUE,12/09/2017,12/22/2017,First Class,290,DAL-ATL,498,Mark Van Huff
jmolinari@axiom.com,TRUE,4/16/2017,6/30/2017,Economy,104,DAL-OKC,350,Janet Molinari
sbern@axiom.com,TRUE,12/05/2017,12/21/2017,Economy,93,DAL-AUS,677,Sarah Bern
mtran@axiom.com,TRUE,3/28/2017,05/07/2017,Economy,133,DAL-SEA,537,Michelle Tran
gphonely@axiom.com,FALSE,9/25/2017,11/20/2017,Business,94,DAL-SLC,315,Guy Phonely
bdegenhardt@axiom.com,FALSE,09/06/2017,11/26/2017,Economy,114,DAL-SEA,115,Bruce Degenhardt
rmesse@axiom.com,TRUE,5/14/2017,7/17/2017,Economy,135,DAL-PHX,624,Raymond Messe
rcrowe@axiom.com,FALSE,3/19/2017,3/26/2017,Economy,158,DAL-MDW,663,Ryan Crowe
mtillman@axiom.com,FALSE,5/17/2017,06/02/2017,Economy,63,DAL-AUS,520,Meg Tillman
sweien@axiom.com,FALSE,1/14/2017,05/07/2017,Economy,159,DAL-MDW,696,Shaun Weien
dbyrd@axiom.com,FALSE,3/29/2017,4/20/2017,Economy,155,DAL-AUS,193,Daniel Byrd
hkirkland@axiom.com,FALSE,10/15/2017,12/16/2017,Economy,85,DAL-LGA,325,Heather Kirkland
parmstrong@axiom.com,FALSE,10/29/2017,12/25/2017,Economy,97,DAL-OKC,603,Pete Armstrong
pbrown@axiom.com,TRUE,10/01/2017,12/15/2017,Economy,99,DAL-HOU,609,Philip Brown
nwebber@axiom.com,FALSE,08/04/2017,8/20/2017,Economy,115,DAL-ATL,559,Natalie Webber
sjordon@axiom.com,FALSE,11/11/2017,12/10/2017,Economy,124,DAL-LAS,680,Sarah Jordon
creiten@axiom.com,TRUE,08/03/2017,9/23/2017,Business,134,DAL-LGA,187,Cyra Reiten
dlawera@axiom.com,FALSE,01/03/2017,3/24/2017,Business,152,DAL-AUS,190,Dan Lawera
jprescott@axiom.com,TRUE,9/23/2017,12/16/2017,Economy,154,DAL-LAS,408,Julie Prescott
dmedina@axiom.com,FALSE,5/18/2017,6/19/2017,Economy,97,DAL-HOU,196,Dario Medina
kbern@axiom.com,FALSE,8/14/2017,9/23/2017,Business,146,DAL-HOU,415,Karen Bern
agerbode@axiom.com,FALSE,9/15/2017,11/19/2017,Economy,96,DAL-HOU,35,Andy Gerbode
ndecherney@axiom.com,TRUE,6/26/2017,9/19/2017,Economy,87,DAL-PHX,557,Natalie DeCherney
mchen@axiom.com,FALSE,9/25/2017,12/09/2017,Economy,104,DAL-AUS,522,Michael Chen
xxx,FALSE,09/11/2017,10/27/2017,First Class,265,DAL-LGA,347,Jane Waco
tboeckenhauer@axiom.com,TRUE,03/11/2017,04/10/2017,Economy,158,DAL-GRR,759,Tom Boeckenhauer
sbern@axiom.com,FALSE,09/02/2017,12/21/2017,First Class,221,DAL-HOU,677,Sarah Bern
tsissman@axiom.com,FALSE,11/18/2017,11/29/2017,Economy,135,DAL-HOU,738,Thais Sissman
jbell-@axiom.com,FALSE,6/21/2017,07/09/2017,Economy,86,DAL-AUS,399,Joy Bell-
garmstrong@axiom.com,TRUE,3/24/2017,4/14/2017,Economy,139,DAL-AUS,314,Guy Armstrong
lshagiari@axiom.com,FALSE,9/27/2017,12/10/2017,Economy,149,DAL-AUS,464,Lindsay Shagiari
sroelle@axiom.com,FALSE,10/18/2017,10/30/2017,Economy,110,DAL-ATL,715,Steven Roelle
xx,TRUE,4/30/2017,6/23/2017,Economy,76,DAL-AUS,445,Kristen Hastings
bgeld@axiom.com,FALSE,07/06/2017,09/11/2017,Economy,131,DAL-HOU,116,Bruce Geld
rmesse@axiom.com,FALSE,07/09/2017,7/17/2017,Economy,79,DAL-LAS,624,Raymond Messe
mtillman@axiom.com,FALSE,1/27/2017,06/02/2017,Economy,153,DAL-MDW,520,Meg Tillman
spistek@axiom.com,FALSE,08/06/2017,9/26/2017,Economy,142,DAL-PHX,727,Susan Pistek
sweien@axiom.com,TRUE,3/19/2017,05/07/2017,Economy,122,DAL-LGA,696,Shaun Weien
dkoutras@axiom.com,FALSE,09/09/2017,10/11/2017,Business,179,DAL-AUS,198,Darren Koutras
gzrebassa@axiom.com,TRUE,01/03/2017,2/24/2017,Business,106,DAL-SEA,302,George Zrebassa
hkirkland@axiom.com,FALSE,11/17/2017,12/16/2017,Economy,144,DAL-ELP,325,Heather Kirkland
cmccrossin@axiom.com,FALSE,6/27/2017,8/17/2017,First Class,229,DAL-HOU,143,Charles McCrossin
pwener@axiom.com,FALSE,10/06/2017,12/30/2017,Economy,79,DAL-PHX,615,Pierre Wener
nfranzösisch@axiom.com,FALSE,12/20/2016,1/17/2017,Economy,108,DAL-OKC,564,Neil Französisch
tsayre@axiom.com,FALSE,7/31/2017,10/04/2017,First Class,277,DAL-ELP,765,Tony Sayre
aallen@axiom.com,FALSE,09/09/2017,12/09/2017,Business,173,DAL-PHX,32,Andrew Allen
parmstrong@axiom.com,FALSE,11/07/2017,12/25/2017,Business,175,DAL-AMA,603,Pete Armstrong
gashbrook@axiom.com,FALSE,10/13/2017,11/11/2017,Economy,106,DAL-HOU,300,George Ashbrook
dkane@axiom.com,FALSE,11/25/2017,12/20/2017,Economy,118,DAL-AUS,224,Dennis Kane
sshariari@axiom.com,FALSE,12/12/2016,03/02/2017,First Class,253,DAL-HOU,693,Shahid Shariari
jprescott@axiom.com,TRUE,11/19/2017,12/16/2017,Economy,94,DAL-ATL,408,Julie Prescott
abixby@axiom.com,FALSE,10/27/2017,12/08/2017,Business,131,DAL-AUS,10,Aimee Bixby
kbern@axiom.com,FALSE,7/24/2017,9/23/2017,Business,109,DAL-PHX,415,Karen Bern
jgarza@axiom.com,TRUE,11/10/2017,12/01/2017,Economy,82,DAL-ATL,340,Jack Garza
agerbode@axiom.com,FALSE,8/25/2017,11/19/2017,Economy,107,DAL-ATL,35,Andy Gerbode
ldonovan@axiom.com,FALSE,10/27/2017,11/19/2017,Economy,69,DAL-OKC,456,Lela Donovan
ncrebassa@axiom.com,FALSE,05/03/2017,6/20/2017,Economy,147,DAL-OKC,568,Nick Crebassa
rd'ascenzo@axiom.com,FALSE,9/24/2016,01/08/2017,Economy,132,DAL-AUS,661,Russell D'Ascenzo
tboeckenhauer@axiom.com,FALSE,2/19/2017,04/10/2017,Economy,62,DAL-OKC,759,Tom Boeckenhauer
dvan@axiom.com,TRUE,1/15/2017,03/12/2017,Economy,142,DAL-ATL,202,Darrin Van Huff
knguyen@axiom.com,FALSE,7/20/2017,8/28/2017,First Class,262,DAL-PHX,429,Kean Nguyen
tsissman@axiom.com,TRUE,11/14/2017,11/29/2017,Economy,79,DAL-AUS,738,Thais Sissman
x,FALSE,11/19/2017,12/09/2017,Economy,156,DAL-LGA,699,Shirley Jackson
lshagiari@axiom.com,FALSE,11/01/2017,12/10/2017,Business,127,DAL-SEA,464,Lindsay Shagiari
abarnes@axiom.com,FALSE,1/27/2017,2/22/2017,Economy,61,DAL-SEA,11,Alan Barnes
jsmith@axiom.com,FALSE,7/27/2017,09/09/2017,Business,116,DAL-HOU,401,Joy Smith
kmurray@axiom.com,FALSE,6/15/2017,7/13/2017,Economy,117,DAL-GRR,424,Katherine Murray
gbaptist@axiom.com,FALSE,11/08/2017,12/24/2017,Business,146,DAL-OKC,304,Giulietta Baptist
pjones@axiom.com,TRUE,11/04/2017,12/02/2017,Business,110,DAL-AMA,588,Patrick Jones
mmoore@axiom.com,TRUE,6/13/2017,07/10/2017,Business,158,DAL-LGA,527,Michael Moore
bgeld@axiom.com,FALSE,7/23/2017,09/11/2017,Business,121,DAL-HOU,116,Bruce Geld
ecreighton@axiom.com,FALSE,2/15/2017,03/02/2017,Economy,77,DAL-PHX,269,Erin Creighton
rmesse@axiom.com,FALSE,07/02/2017,7/17/2017,Economy,62,DAL-PHX,624,Raymond Messe
hredmond@axiom.com,TRUE,11/11/2017,12/09/2017,Business,136,DAL-PHX,317,Hallie Redmond
metezadi@axiom.com,TRUE,3/28/2017,7/20/2017,Business,80,DAL-ELP,487,Maria Etezadi
sweien@axiom.com,FALSE,3/31/2017,05/07/2017,Economy,78,DAL-AUS,696,Shaun Weien
po'brill@axiom.com,FALSE,05/12/2017,6/19/2017,First Class,250,DAL-HOU,589,Patrick O'Brill
cdelaney@axiom.com,TRUE,3/13/2017,4/28/2017,Economy,150,DAL-ATL,185,Cynthia Delaney
hkirkland@axiom.com,FALSE,11/28/2017,12/16/2017,Economy,61,DAL-AUS,325,Heather Kirkland
tsayre@axiom.com,FALSE,6/27/2017,10/04/2017,Business,127,DAL-AMA,765,Tony Sayre
aallen@axiom.com,FALSE,10/31/2017,12/09/2017,Economy,120,DAL-HOU,32,Andrew Allen
pbrown@axiom.com,FALSE,11/19/2017,12/15/2017,Business,119,DAL-LGA,609,Philip Brown
sjordon@axiom.com,FALSE,10/25/2017,12/10/2017,First Class,248,DAL-PHX,680,Sarah Jordon
mlichtenstein@axiom.com,FALSE,3/20/2017,04/10/2017,Business,124,DAL-AUS,492,Marina Lichtenstein
mbertelson@axiom.com,FALSE,04/09/2017,6/25/2017,Economy,156,DAL-SLC,486,Maria Bertelson
jprescott@axiom.com,FALSE,11/18/2017,12/16/2017,Economy,89,DAL-SEA,408,Julie Prescott
dmedina@axiom.com,TRUE,05/07/2017,6/19/2017,Economy,77,DAL-SFO,196,Dario Medina
agerbode@axiom.com,TRUE,10/13/2017,11/19/2017,Economy,111,DAL-LAS,35,Andy Gerbode
ndecherney@axiom.com,TRUE,6/25/2017,9/19/2017,Economy,135,DAL-LAS,557,Natalie DeCherney
dbudd@axiom.com,FALSE,07/11/2017,9/21/2017,Economy,67,DAL-OKC,197,Darren Budd
xxx,FALSE,10/05/2017,10/27/2017,Economy,111,DAL-LAS,347,Jane Waco
tboeckenhauer@axiom.com,TRUE,3/13/2017,04/10/2017,Economy,114,DAL-MDW,759,Tom Boeckenhauer
ldonovan@axiom.com,FALSE,06/02/2017,6/20/2017,Economy,106,DAL-AMA,456,Lela Donovan
po'brill@axiom.com,FALSE,1/30/2017,2/24/2017,Business,147,DAL-ATL,589,Patrick O'Brill
sbern@axiom.com,FALSE,10/02/2017,12/21/2017,First Class,216,DAL-ELP,677,Sarah Bern
garmstrong@axiom.com,FALSE,02/12/2017,4/14/2017,Economy,96,DAL-AUS,314,Guy Armstrong
dpercer@axiom.com,FALSE,5/23/2017,07/08/2017,Economy,130,DAL-AUS,215,Dean percer
lshagiari@axiom.com,FALSE,11/12/2017,12/10/2017,Economy,136,DAL-AUS,464,Lindsay Shagiari
bdegenhardt@axiom.com,FALSE,11/11/2017,11/26/2017,Economy,108,DAL-ELP,115,Bruce Degenhardt
sroelle@axiom.com,TRUE,10/11/2017,10/30/2017,Economy,137,DAL-SLC,715,Steven Roelle
xx,FALSE,06/05/2017,6/23/2017,Economy,138,DAL-AMA,445,Kristen Hastings
rmesse@axiom.com,FALSE,6/27/2017,7/17/2017,Economy,60,DAL-PHX,624,Raymond Messe
rcrowe@axiom.com,FALSE,1/22/2017,3/26/2017,First Class,308,DAL-ELP,663,Ryan Crowe
mtillman@axiom.com,FALSE,5/15/2017,06/02/2017,Economy,149,DAL-HOU,520,Meg Tillman
spistek@axiom.com,FALSE,07/07/2017,9/26/2017,Economy,112,DAL-LAS,727,Susan Pistek
sweien@axiom.com,FALSE,4/17/2017,05/07/2017,Economy,81,DAL-LAS,696,Shaun Weien
dbyrd@axiom.com,FALSE,03/05/2017,4/20/2017,Business,154,DAL-MDW,193,Daniel Byrd
gzrebassa@axiom.com,FALSE,02/06/2017,2/24/2017,Economy,160,DAL-SLC,302,George Zrebassa
hkirkland@axiom.com,FALSE,11/17/2017,12/16/2017,First Class,214,DAL-ATL,325,Heather Kirkland
nfranzösisch@axiom.com,FALSE,11/20/2016,1/17/2017,Economy,108,DAL-OKC,564,Neil Französisch
kbavinger@axiom.com,TRUE,02/11/2017,3/21/2017,Economy,82,DAL-PHX,426,Katrina Bavinger
parmstrong@axiom.com,FALSE,11/23/2017,12/25/2017,First Class,283,DAL-SEA,603,Pete Armstrong
pmacintyre@axiom.com,TRUE,6/14/2017,8/14/2017,Economy,105,DAL-SEA,595,Paul MacIntyre
sflanagan@axiom.com,FALSE,1/25/2017,2/16/2017,Economy,134,DAL-LAS,670,Sandra Flanagan
phirasaki@axiom.com,FALSE,08/02/2017,11/30/2017,Business,163,DAL-HOU,585,Patricia Hirasaki
lryan@axiom.com,FALSE,9/21/2017,11/27/2017,Economy,126,DAL-ELP,468,Lisa Ryan
dwardle@axiom.com,FALSE,2/18/2017,3/17/2017,First Class,303,DAL-OKC,238,Dorothy Wardle
scalhoun@axiom.com,FALSE,09/08/2017,11/21/2017,Business,89,DAL-OKC,719,Stuart Calhoun
kbern@axiom.com,FALSE,08/12/2017,9/23/2017,Economy,122,DAL-MDW,415,Karen Bern
xxx,FALSE,9/27/2017,10/27/2017,Economy,131,DAL-LAS,347,Jane Waco
ncrebassa@axiom.com,FALSE,4/27/2017,6/20/2017,Economy,109,DAL-OKC,568,Nick Crebassa
tboeckenhauer@axiom.com,FALSE,02/07/2017,04/10/2017,Economy,67,DAL-PHX,759,Tom Boeckenhauer
dvan@axiom.com,FALSE,02/10/2017,03/12/2017,Business,146,DAL-PHX,202,Darrin Van Huff
bmurry@axiom.com,FALSE,10/12/2017,12/27/2017,First Class,229,DAL-ATL,105,Brendan Murry
myedwab@axiom.com,FALSE,11/06/2017,12/08/2017,Economy,105,DAL-SFO,552,Muhammed Yedwab
knguyen@axiom.com,TRUE,08/06/2017,8/28/2017,Economy,81,DAL-LGA,429,Kean Nguyen
lryan@axiom.com,FALSE,7/14/2017,09/07/2017,Economy,124,DAL-SLC,468,Lisa Ryan
tsissman@axiom.com,FALSE,10/09/2017,11/29/2017,Economy,77,DAL-HOU,738,Thais Sissman
dgreer@axiom.com,FALSE,12/14/2016,04/04/2017,Economy,65,DAL-GRR,219,Deirdre Greer
apryor@axiom.com,FALSE,1/27/2017,3/13/2017,Economy,108,DAL-AUS,48,Anne Pryor
ashami@axiom.com,FALSE,06/10/2017,07/01/2017,Economy,60,DAL-MDW,9,Adrian Shami
gbaptist@axiom.com,FALSE,10/07/2017,12/24/2017,Business,98,DAL-AMA,304,Giulietta Baptist
rmesse@axiom.com,FALSE,5/18/2017,7/17/2017,Economy,77,DAL-OKC,624,Raymond Messe
hredmond@axiom.com,FALSE,11/10/2017,12/09/2017,Economy,108,DAL-AMA,317,Hallie Redmond
dcampbell@axiom.com,FALSE,8/30/2017,11/13/2017,Economy,106,DAL-HOU,189,Dan Campbell
agayman@axiom.com,FALSE,7/30/2017,08/06/2017,Economy,102,DAL-LGA,45,Anna Gayman
metezadi@axiom.com,TRUE,05/12/2017,7/20/2017,Economy,68,DAL-AMA,487,Maria Etezadi
darnett@axiom.com,FALSE,7/30/2017,8/26/2017,Economy,94,DAL-MDW,229,Dianna Arnett
sweien@axiom.com,FALSE,2/27/2017,05/07/2017,Economy,100,DAL-GRR,696,Shaun Weien
po'brill@axiom.com,FALSE,06/06/2017,6/19/2017,Economy,155,DAL-HOU,589,Patrick O'Brill
hkirkland@axiom.com,TRUE,9/21/2017,12/16/2017,Economy,131,DAL-SLC,325,Heather Kirkland
mpelletier@axiom.com,FALSE,11/17/2017,11/25/2017,Economy,159,DAL-MDW,544,Mike Pelletier
lweiss@axiom.com,TRUE,9/15/2017,9/26/2017,Economy,108,DAL-HOU,480,Luke Weiss
jlee@axiom.com,FALSE,8/24/2017,9/23/2017,Economy,117,DAL-LGA,388,John Lee
rcollins@axiom.com,FALSE,8/15/2017,9/15/2017,Economy,83,DAL-ATL,654,Roy Collins
ndecherney@axiom.com,FALSE,10/10/2017,11/25/2017,Business,143,DAL-HOU,557,Natalie DeCherney
dbyrd@axiom.com,FALSE,8/24/2017,9/28/2017,Business,113,DAL-HOU,193,Daniel Byrd
dwardle@axiom.com,FALSE,02/03/2017,3/17/2017,Economy,104,DAL-AMA,238,Dorothy Wardle
agerbode@axiom.com,FALSE,9/26/2017,11/19/2017,Economy,149,DAL-LAS,35,Andy Gerbode
xxx,FALSE,9/23/2017,10/27/2017,Economy,138,DAL-AUS,347,Jane Waco
ncrebassa@axiom.com,FALSE,5/20/2017,6/20/2017,Economy,83,DAL-AUS,568,Nick Crebassa
tboeckenhauer@axiom.com,FALSE,2/24/2017,04/10/2017,Economy,129,DAL-OKC,759,Tom Boeckenhauer
ldonovan@axiom.com,FALSE,06/09/2017,6/20/2017,Economy,147,DAL-LAS,456,Lela Donovan
mvittorini@axiom.com,FALSE,7/29/2017,10/24/2017,Economy,124,DAL-HOU,545,Mike Vittorini
dvan@axiom.com,FALSE,03/01/2017,03/12/2017,Economy,129,DAL-ELP,202,Darrin Van Huff
csachs@axiom.com,FALSE,2/21/2017,04/07/2017,Economy,136,DAL-HOU,163,Chuck Sachs
lcacioppo@axiom.com,FALSE,11/24/2017,12/24/2017,Business,109,DAL-PHX,457,Lena Cacioppo
mtran@axiom.com,FALSE,2/19/2017,05/07/2017,First Class,286,DAL-PHX,537,Michelle Tran
gphonely@axiom.com,TRUE,9/17/2017,11/20/2017,Economy,62,DAL-PHX,315,Guy Phonely
bdegenhardt@axiom.com,FALSE,10/08/2017,11/26/2017,Business,105,DAL-SFO,115,Bruce Degenhardt
ashami@axiom.com,FALSE,06/04/2017,07/01/2017,Economy,101,DAL-ATL,9,Adrian Shami
povercash@axiom.com,FALSE,11/23/2017,12/27/2017,Business,80,DAL-LGA,611,Philisse Overcash
fmcmath@axiom.com,FALSE,10/19/2017,11/21/2017,Economy,100,DAL-CLE,291,Fred McMath
rmesse@axiom.com,FALSE,6/20/2017,7/17/2017,Economy,75,DAL-HOU,624,Raymond Messe
cconant@axiom.com,TRUE,07/04/2017,08/06/2017,Economy,98,DAL-HOU,157,Christopher Conant
hkirkland@axiom.com,TRUE,10/29/2017,12/16/2017,Economy,133,DAL-OKC,325,Heather Kirkland
mpelletier@axiom.com,FALSE,11/09/2017,11/25/2017,Economy,64,DAL-AUS,544,Mike Pelletier
mlonsdale@axiom.com,FALSE,3/17/2017,6/13/2017,Economy,100,DAL-AUS,535,Michelle Lonsdale
ccarroll@axiom.com,FALSE,4/26/2017,5/28/2017,Business,135,DAL-PHX,178,Craig Carroll
csheldon@axiom.com,FALSE,08/11/2017,09/10/2017,Economy,145,DAL-ELP,144,Charles Sheldon
